{
  "round": [
    1,
    2,
    3
  ],
  "loss": [
    5.985060214996338,
    5.453611850738525,
    5.218905925750732
  ],
  "accuracy": [
    0.12151607871055603,
    0.15352845191955566,
    0.16782012581825256
  ],
  "perplexity": [
    397.4464527655242,
    233.60037370994723,
    184.73196298469534
  ],
  "val_loss": [
    5.697441577911377,
    5.552995681762695,
    5.505630970001221
  ],
  "val_accuracy": [
    0.14281953871250153,
    0.15567614138126373,
    0.16205380856990814
  ]
}